{
    "accuracy_score": 0.9310075093867334,
    "precision_score": 0.559322033898305
}