{
    "accuracy_score": 0.9306946182728411,
    "precision_score": 0.6166666666666667
}