{
    "accuracy_score": 0.9283479349186483,
    "precision_score": 0.5384615384615384
}