{
    "accuracy_score": 0.932415519399249,
    "precision_score": 0.6428571428571429
}